[
	{
		"conta": 321,
		"timestamp": "2024-03-08T01:04:49",
		"uf": "RJ",
		"valor": 803.48,
		"tipo": "pix"
	},
	{
		"conta": 9976,
		"timestamp": "2024-03-08T01:58:17",
		"uf": "RJ",
		"valor": 264.22,
		"tipo": "saque"
	},
	{
		"conta": 1032,
		"timestamp": "2024-03-08T02:13:30",
		"uf": "RJ",
		"valor": 636.89,
		"tipo": "saque"
	},
	{
		"conta": 8908,
		"timestamp": "2024-03-08T02:14:19",
		"uf": "DF",
		"valor": 696.76,
		"tipo": "saque"
	},
	{
		"conta": 23,
		"timestamp": "2024-03-08T03:20:25",
		"uf": "DF",
		"valor": 384.25,
		"tipo": "saque"
	},
	{
		"conta": 1032,
		"timestamp": "2024-03-08T03:21:19",
		"uf": "RJ",
		"valor": 159.86,
		"tipo": "pix"
	},
	{
		"conta": 7894,
		"timestamp": "2024-03-08T03:43:38",
		"uf": "SP",
		"valor": 200.93,
		"tipo": "pix"
	},
	{
		"conta": 9976,
		"timestamp": "2024-03-08T04:16:58",
		"uf": "DF",
		"valor": 450.5,
		"tipo": "saque"
	},
	{
		"conta": 2134,
		"timestamp": "2024-03-08T04:24:12",
		"uf": "RJ",
		"valor": 808.14,
		"tipo": "saque"
	},
	{
		"conta": 1032,
		"timestamp": "2024-03-08T04:49:22",
		"uf": "SP",
		"valor": 670.37,
		"tipo": "saque"
	},
	{
		"conta": 321,
		"timestamp": "2024-03-08T05:04:38",
		"uf": "RJ",
		"valor": 295.01,
		"tipo": "pix"
	},
	{
		"conta": 809,
		"timestamp": "2024-03-08T05:32:11",
		"uf": "RJ",
		"valor": 794.76,
		"tipo": "pix"
	},
	{
		"conta": 2231,
		"timestamp": "2024-03-08T05:38:26",
		"uf": "SP",
		"valor": 664.69,
		"tipo": "saque"
	},
	{
		"conta": 9976,
		"timestamp": "2024-03-08T05:43:02",
		"uf": "RJ",
		"valor": 805.08,
		"tipo": "pix"
	},
	{
		"conta": 321,
		"timestamp": "2024-03-08T05:48:27",
		"uf": "SP",
		"valor": 970.28,
		"tipo": "pix"
	},
	{
		"conta": 2134,
		"timestamp": "2024-03-08T06:05:24",
		"uf": "RJ",
		"valor": 201.98,
		"tipo": "pix"
	},
	{
		"conta": 7894,
		"timestamp": "2024-03-08T06:08:10",
		"uf": "DF",
		"valor": 456.33,
		"tipo": "pix"
	},
	{
		"conta": 2231,
		"timestamp": "2024-03-08T06:29:06",
		"uf": "SP",
		"valor": 432.78,
		"tipo": "pix"
	},
	{
		"conta": 23,
		"timestamp": "2024-03-08T06:34:23",
		"uf": "RJ",
		"valor": 397.44,
		"tipo": "saque"
	},
	{
		"conta": 7894,
		"timestamp": "2024-03-08T06:39:41",
		"uf": "DF",
		"valor": 814.74,
		"tipo": "saque"
	},
	{
		"conta": 9976,
		"timestamp": "2024-03-08T06:42:04",
		"uf": "DF",
		"valor": 580.2,
		"tipo": "saque"
	},
	{
		"conta": 809,
		"timestamp": "2024-03-08T06:43:28",
		"uf": "SP",
		"valor": 151.86,
		"tipo": "saque"
	},
	{
		"conta": 9976,
		"timestamp": "2024-03-08T07:04:16",
		"uf": "SP",
		"valor": 909.46,
		"tipo": "saque"
	},
	{
		"conta": 7894,
		"timestamp": "2024-03-08T07:21:28",
		"uf": "SP",
		"valor": 187.19,
		"tipo": "saque"
	},
	{
		"conta": 2134,
		"timestamp": "2024-03-08T08:06:59",
		"uf": "SP",
		"valor": 324.48,
		"tipo": "pix"
	},
	{
		"conta": 3890,
		"timestamp": "2024-03-08T08:49:36",
		"uf": "SP",
		"valor": 714.17,
		"tipo": "pix"
	},
	{
		"conta": 321,
		"timestamp": "2024-03-08T08:51:00",
		"uf": "SP",
		"valor": 535.37,
		"tipo": "saque"
	},
	{
		"conta": 3890,
		"timestamp": "2024-03-08T08:54:23",
		"uf": "DF",
		"valor": 403.34,
		"tipo": "pix"
	},
	{
		"conta": 9976,
		"timestamp": "2024-03-08T09:26:50",
		"uf": "RJ",
		"valor": 928.61,
		"tipo": "pix"
	},
	{
		"conta": 1032,
		"timestamp": "2024-03-08T09:48:40",
		"uf": "SP",
		"valor": 493.75,
		"tipo": "pix"
	},
	{
		"conta": 3890,
		"timestamp": "2024-03-08T10:25:41",
		"uf": "DF",
		"valor": 551.92,
		"tipo": "saque"
	},
	{
		"conta": 321,
		"timestamp": "2024-03-08T10:40:12",
		"uf": "SP",
		"valor": 609.39,
		"tipo": "pix"
	},
	{
		"conta": 1032,
		"timestamp": "2024-03-08T10:41:38",
		"uf": "DF",
		"valor": 385.06,
		"tipo": "saque"
	},
	{
		"conta": 8908,
		"timestamp": "2024-03-08T11:16:20",
		"uf": "DF",
		"valor": 242.24,
		"tipo": "pix"
	},
	{
		"conta": 321,
		"timestamp": "2024-03-08T11:20:35",
		"uf": "SP",
		"valor": 932.09,
		"tipo": "saque"
	},
	{
		"conta": 3890,
		"timestamp": "2024-03-08T11:23:35",
		"uf": "DF",
		"valor": 562.6,
		"tipo": "saque"
	},
	{
		"conta": 2134,
		"timestamp": "2024-03-08T12:09:13",
		"uf": "DF",
		"valor": 559.44,
		"tipo": "pix"
	},
	{
		"conta": 23,
		"timestamp": "2024-03-09T01:17:13",
		"uf": "SP",
		"valor": 600.72,
		"tipo": "pix"
	},
	{
		"conta": 321,
		"timestamp": "2024-03-09T01:40:08",
		"uf": "SP",
		"valor": 669.77,
		"tipo": "saque"
	},
	{
		"conta": 321,
		"timestamp": "2024-03-09T02:00:42",
		"uf": "RJ",
		"valor": 178.56,
		"tipo": "saque"
	},
	{
		"conta": 7894,
		"timestamp": "2024-03-09T02:06:46",
		"uf": "SP",
		"valor": 596.21,
		"tipo": "pix"
	},
	{
		"conta": 7894,
		"timestamp": "2024-03-09T02:11:54",
		"uf": "DF",
		"valor": 204.69,
		"tipo": "pix"
	},
	{
		"conta": 2231,
		"timestamp": "2024-03-09T02:59:34",
		"uf": "DF",
		"valor": 726.63,
		"tipo": "pix"
	},
	{
		"conta": 3890,
		"timestamp": "2024-03-09T03:44:37",
		"uf": "SP",
		"valor": 399.05,
		"tipo": "pix"
	},
	{
		"conta": 8908,
		"timestamp": "2024-03-09T03:57:26",
		"uf": "SP",
		"valor": 980.51,
		"tipo": "saque"
	},
	{
		"conta": 3890,
		"timestamp": "2024-03-09T05:21:19",
		"uf": "RJ",
		"valor": 741.52,
		"tipo": "saque"
	},
	{
		"conta": 2134,
		"timestamp": "2024-03-09T05:42:02",
		"uf": "RJ",
		"valor": 485.84,
		"tipo": "saque"
	},
	{
		"conta": 2134,
		"timestamp": "2024-03-09T05:57:15",
		"uf": "DF",
		"valor": 600.27,
		"tipo": "saque"
	},
	{
		"conta": 3890,
		"timestamp": "2024-03-09T06:48:18",
		"uf": "DF",
		"valor": 343.54,
		"tipo": "saque"
	},
	{
		"conta": 1032,
		"timestamp": "2024-03-09T07:25:11",
		"uf": "SP",
		"valor": 575.06,
		"tipo": "saque"
	}
]